{
  "IADSR_plus_ECHO": {
    "5": {
      "HR": 0.02289496042570317,
      "NDCG": 0.014891208896105032
    },
    "10": {
      "HR": 0.03300093905111121,
      "NDCG": 0.018137794932184495
    },
    "20": {
      "HR": 0.042704467200286186,
      "NDCG": 0.020613875866503605
    }
  },
  "paper_baselines": {
    "GRU4Rec_base": {
      "5": {
        "HR": 0.0153,
        "NDCG": 0.0087
      },
      "10": {
        "HR": 0.0246,
        "NDCG": 0.0117
      },
      "20": {
        "HR": 0.039,
        "NDCG": 0.0143
      }
    },
    "IADSR_original_paper": {
      "5": {
        "HR": 0.03,
        "NDCG": 0.0196
      },
      "10": {
        "HR": 0.0396,
        "NDCG": 0.0259
      },
      "20": {
        "HR": 0.0486,
        "NDCG": 0.0321
      }
    }
  }
}